<environmentvariabledefinition schemaname="fred_shared_sharepointonline_8aaa64c8581a468581043fa50f76053b">
  <apiid>/providers/microsoft.powerapps/apis/shared_sharepointonline</apiid>
  <displayname default="ICT CHANGE REQUEST">
    <label description="ICT CHANGE REQUEST" languagecode="1033" />
  </displayname>
  <introducedversion>1.0.0.0</introducedversion>
  <iscustomizable>1</iscustomizable>
  <isrequired>0</isrequired>
  <parameterkey>table</parameterkey>
  <parentdefinitionid>
    <schemaname>fred_ICTChangeRequestSite</schemaname>
  </parentdefinitionid>
  <secretstore>0</secretstore>
  <type>100000004</type>
</environmentvariabledefinition>