{
  "properties": {
    "connectionReferences": {
      "shared_approvals": {
        "runtimeSource": "embedded",
        "connection": {},
        "api": {
          "name": "shared_approvals"
        }
      },
      "shared_office365": {
        "runtimeSource": "embedded",
        "connection": {},
        "api": {
          "name": "shared_office365"
        }
      },
      "shared_sharepointonline": {
        "runtimeSource": "embedded",
        "connection": {},
        "api": {
          "name": "shared_sharepointonline"
        }
      },
      "shared_sharepointonline-1": {
        "runtimeSource": "embedded",
        "connection": {},
        "api": {
          "name": "shared_sharepointonline"
        }
      }
    },
    "definition": {
      "$schema": "https://schema.management.azure.com/providers/Microsoft.Logic/schemas/2016-06-01/workflowdefinition.json#",
      "contentVersion": "1.0.0.0",
      "parameters": {
        "$connections": {
          "defaultValue": {},
          "type": "Object"
        },
        "$authentication": {
          "defaultValue": {},
          "type": "SecureObject"
        }
      },
      "triggers": {
        "When_a_change_request_is_created": {
          "recurrence": {
            "interval": 1,
            "frequency": "Minute"
          },
          "splitOn": "@triggerOutputs()?['body/value']",
          "metadata": {
            "operationMetadataId": "99a62887-dfe6-4abc-92a3-e49f9b9acaf7"
          },
          "type": "OpenApiConnection",
          "inputs": {
            "host": {
              "connectionName": "shared_sharepointonline-1",
              "operationId": "GetOnNewItems",
              "apiId": "/providers/Microsoft.PowerApps/apis/shared_sharepointonline"
            },
            "parameters": {
              "dataset": "https://nestoilplc.sharepoint.com/sites/ITDepartment",
              "table": "daf72b55-32ce-4dce-a1aa-008d65a8233c"
            },
            "authentication": "@parameters('$authentication')"
          }
        }
      },
      "actions": {
        "Start_and_wait_for_an_approval": {
          "runAfter": {},
          "metadata": {
            "operationMetadataId": "32cf4812-54a8-4ebb-80cb-af3cbea075f7"
          },
          "type": "OpenApiConnectionWebhook",
          "inputs": {
            "host": {
              "connectionName": "shared_approvals",
              "operationId": "StartAndWaitForAnApproval",
              "apiId": "/providers/Microsoft.PowerApps/apis/shared_approvals"
            },
            "parameters": {
              "approvalType": "Basic",
              "WebhookApprovalCreationInput/title": "Please review and approve ICT Change Request : @{triggerOutputs()?['Title']}",
              "WebhookApprovalCreationInput/assignedTo": "@triggerBody()?['Approver/Email']",
              "WebhookApprovalCreationInput/details": "Dear Change Advisory Board,\n\n@{triggerOutputs()?['Author']?['DisplayName']} Has submitted a change request for @{triggerBody()?['Title']}, for your Approval\n\nProject Name: @{triggerBody()?['Title']}\n\nStart Date: @{triggerBody()?['Start_x0020_Date_x0020__x0026__x']}\n\nChange Reason: @{triggerBody()?['Chjange_x0020_Reason']}\n\nImpact Of Change:  @{triggerBody()?['Impact_x0020_Of_x0020_Change']}\n\nRoll Back Plan:   @{triggerBody()?['Roll_x0020_Back_x0020_Plan']}\n\nMethod Of Procedure:  @{triggerBody()?['Method_x0020_Of_x0020_Procedure_']}\n\n\nRegards,\n",
              "WebhookApprovalCreationInput/itemLink": "@triggerOutputs()?['{Link}']",
              "WebhookApprovalCreationInput/itemLinkDescription": "@triggerOutputs()?['Title']",
              "WebhookApprovalCreationInput/enableNotifications": true,
              "WebhookApprovalCreationInput/enableReassignment": true
            },
            "authentication": "@parameters('$authentication')"
          }
        },
        "Condition": {
          "actions": {
            "Send_Approved_email_notification_to_requestor": {
              "runAfter": {
                "Update_-_Approval_Status_to_\"Approved\"": [
                  "Succeeded"
                ]
              },
              "metadata": {
                "operationMetadataId": "53e177db-0a0d-4233-b227-43b426a2abcd"
              },
              "type": "OpenApiConnection",
              "inputs": {
                "host": {
                  "connectionName": "shared_office365",
                  "operationId": "SendEmailV2",
                  "apiId": "/providers/Microsoft.PowerApps/apis/shared_office365"
                },
                "parameters": {
                  "emailMessage/To": "@triggerBody()?['Author/Email']",
                  "emailMessage/Subject": "Your change request has been @{outputs('Update_-_Approval_Status_to_\"Approved\"')?['body/Status/Value']}",
                  "emailMessage/Body": "<p class=\"editor-paragraph\">Hello @{triggerBody()?['Author/DisplayName']},</p><br><p class=\"editor-paragraph\">Your ICT Change request for has been review and @{outputs('Update_-_Approval_Status_to_\"Approved\"')?['body/Status/Value']}.<br></p><br><p class=\"editor-paragraph\">Regards,</p><p class=\"editor-paragraph\"><span style=\"background-color: rgb(255, 255, 255); color: rgb(36, 36, 36); font-family: Arial, sans-serif; font-weight: 400; font-size: 16px;\">Change Advisory Board</span></p>",
                  "emailMessage/Importance": "Normal"
                },
                "authentication": "@parameters('$authentication')"
              }
            },
            "Update_-_Approval_Status_to_\"Approved\"": {
              "runAfter": {},
              "metadata": {
                "operationMetadataId": "55546e06-c917-43be-a569-445dc9246320"
              },
              "type": "OpenApiConnection",
              "inputs": {
                "host": {
                  "connectionName": "shared_sharepointonline",
                  "operationId": "PatchItem",
                  "apiId": "/providers/Microsoft.PowerApps/apis/shared_sharepointonline"
                },
                "parameters": {
                  "dataset": "https://nestoilplc.sharepoint.com/sites/ITDepartment",
                  "table": "daf72b55-32ce-4dce-a1aa-008d65a8233c",
                  "id": "@triggerBody()?['ID']",
                  "item/Title": "@triggerBody()?['Title']",
                  "item/Start_x0020_Date_x0020__x0026__x": "@triggerBody()?['Start_x0020_Date_x0020__x0026__x']",
                  "item/End_x0020_Date_x0020__x0026__x00": "@triggerBody()?['End_x0020_Date_x0020__x0026__x00']",
                  "item/Chjange_x0020_Reason": "@triggerBody()?['Chjange_x0020_Reason']",
                  "item/Change_x0020_Description": "@triggerBody()?['Change_x0020_Description']",
                  "item/Impact_x0020_Of_x0020_Change": "@triggerBody()?['Impact_x0020_Of_x0020_Change']",
                  "item/Method_x0020_Of_x0020_Procedure_": "@triggerBody()?['Method_x0020_Of_x0020_Procedure_']",
                  "item/Roll_x0020_Back_x0020_Plan": "@triggerBody()?['Roll_x0020_Back_x0020_Plan']",
                  "item/Status/Value": "Approved"
                },
                "authentication": "@parameters('$authentication')"
              }
            }
          },
          "runAfter": {
            "Start_and_wait_for_an_approval": [
              "Succeeded"
            ]
          },
          "else": {
            "actions": {
              "Send_Rejected_email_notification_to_requestor": {
                "runAfter": {
                  "Update_-_Approval_Status_to_\"Rejected\"": [
                    "Succeeded"
                  ]
                },
                "metadata": {
                  "operationMetadataId": "e32d8b4b-301b-4a1e-b32c-bd4fc030270d"
                },
                "type": "OpenApiConnection",
                "inputs": {
                  "host": {
                    "connectionName": "shared_office365",
                    "operationId": "SendEmailV2",
                    "apiId": "/providers/Microsoft.PowerApps/apis/shared_office365"
                  },
                  "parameters": {
                    "emailMessage/To": "@triggerBody()?['Author/Email']",
                    "emailMessage/Subject": "Your change request has been @{outputs('Update_-_Approval_Status_to_\"Rejected\"')?['body/Status/Value']}",
                    "emailMessage/Body": "<p class=\"editor-paragraph\">Hello @{triggerBody()?['Author/DisplayName']},</p><br><p class=\"editor-paragraph\">Your ICT Change request for has been @{outputs('Update_-_Approval_Status_to_\"Rejected\"')?['body/Status/Value']}<br></p><br><p class=\"editor-paragraph\">Regards,</p><p class=\"editor-paragraph\"><span style=\"background-color: rgb(255, 255, 255); color: rgb(36, 36, 36); font-family: Arial, sans-serif; font-weight: 400; font-size: 16px;\">Change Advisory Board</span></p>",
                    "emailMessage/Importance": "Normal"
                  },
                  "authentication": "@parameters('$authentication')"
                }
              },
              "Update_-_Approval_Status_to_\"Rejected\"": {
                "runAfter": {},
                "metadata": {
                  "operationMetadataId": "55546e06-c917-43be-a569-445dc9246320"
                },
                "type": "OpenApiConnection",
                "inputs": {
                  "host": {
                    "connectionName": "shared_sharepointonline",
                    "operationId": "PatchItem",
                    "apiId": "/providers/Microsoft.PowerApps/apis/shared_sharepointonline"
                  },
                  "parameters": {
                    "dataset": "https://nestoilplc.sharepoint.com/sites/ITDepartment",
                    "table": "daf72b55-32ce-4dce-a1aa-008d65a8233c",
                    "id": "@triggerBody()?['ID']",
                    "item/Title": "@triggerBody()?['Title']",
                    "item/Start_x0020_Date_x0020__x0026__x": "@triggerBody()?['Start_x0020_Date_x0020__x0026__x']",
                    "item/End_x0020_Date_x0020__x0026__x00": "@triggerBody()?['End_x0020_Date_x0020__x0026__x00']",
                    "item/Chjange_x0020_Reason": "@triggerBody()?['Chjange_x0020_Reason']",
                    "item/Change_x0020_Description": "@triggerBody()?['Change_x0020_Description']",
                    "item/Impact_x0020_Of_x0020_Change": "@triggerBody()?['Impact_x0020_Of_x0020_Change']",
                    "item/Method_x0020_Of_x0020_Procedure_": "@triggerBody()?['Method_x0020_Of_x0020_Procedure_']",
                    "item/Roll_x0020_Back_x0020_Plan": "@triggerBody()?['Roll_x0020_Back_x0020_Plan']",
                    "item/Status/Value": "Rejected"
                  },
                  "authentication": "@parameters('$authentication')"
                }
              }
            }
          },
          "expression": {
            "and": [
              {
                "equals": [
                  "@body('Start_and_wait_for_an_approval')?['outcome']",
                  "Approve"
                ]
              }
            ]
          },
          "metadata": {
            "operationMetadataId": "66b8fa35-0a92-4957-a89e-f22f2ff51f0e"
          },
          "type": "If"
        }
      },
      "outputs": {}
    },
    "templateName": "f42bcec1cafa4ff2a6be6f58a15456f4"
  },
  "schemaVersion": "1.0.0.0"
}