<environmentvariabledefinition schemaname="fred_ICTChangeRequestList">
  <apiid>/providers/microsoft.powerapps/apis/shared_sharepointonline</apiid>
  <defaultvalue>daf72b55-32ce-4dce-a1aa-008d65a8233c</defaultvalue>
  <displayname default="ICT Change Request List">
    <label description="ICT Change Request List" languagecode="1033" />
  </displayname>
  <introducedversion>1.0.0.0</introducedversion>
  <iscustomizable>1</iscustomizable>
  <isrequired>0</isrequired>
  <parameterkey>table</parameterkey>
  <parentdefinitionid>
    <schemaname>fred_ICTChangeRequestSite</schemaname>
  </parentdefinitionid>
  <secretstore>0</secretstore>
  <type>100000004</type>
</environmentvariabledefinition>